{"cameraMode":{"drawMode":0,"name":"Shaded","section":"Shading Mode"},"sceneLighting":true,"audioPlay":false,"sceneViewState":{"showFog":true,"showMaterialUpdate":false,"showSkybox":true,"showFlares":true,"showImageEffects":true,"showParticleSystems":true},"in2DMode":false,"pivot":{"x":24.59051513671875,"y":-79.34078979492188,"z":-112.3048095703125},"rotation":{"x":-0.012438264675438404,"y":-0.9470997452735901,"z":0.3187202513217926,"w":-0.03880862146615982},"size":77.37710571289063,"orthographic":false}