{"cameraMode":{"drawMode":0,"name":"Shaded","section":"Shading Mode"},"sceneLighting":true,"audioPlay":false,"sceneViewState":{"showFog":true,"showMaterialUpdate":false,"showSkybox":true,"showFlares":true,"showImageEffects":true,"showParticleSystems":true},"in2DMode":false,"pivot":{"x":-148.1342010498047,"y":4.788233757019043,"z":-86.32889556884766},"rotation":{"x":-0.00102145760320127,"y":0.8625500202178955,"z":-0.00008992985385702923,"w":-0.5064013004302979},"size":79.1906967163086,"orthographic":false}