{"cameraMode":{"drawMode":0,"name":"Shaded","section":"Shading Mode"},"sceneLighting":true,"audioPlay":false,"sceneViewState":{"showFog":true,"showMaterialUpdate":false,"showSkybox":true,"showFlares":true,"showImageEffects":true,"showParticleSystems":true},"in2DMode":false,"pivot":{"x":-126.87384033203125,"y":-9.768999099731446,"z":51.65484619140625},"rotation":{"x":-0.05868426337838173,"y":0.5449773669242859,"z":-0.037332840263843539,"w":-0.8357294201850891},"size":77.37710571289063,"orthographic":false}