{"cameraMode":{"drawMode":0,"name":"Shaded","section":"Shading Mode"},"sceneLighting":true,"audioPlay":false,"sceneViewState":{"showFog":true,"showMaterialUpdate":false,"showSkybox":true,"showFlares":true,"showImageEffects":true,"showParticleSystems":true},"in2DMode":false,"pivot":{"x":14.142999649047852,"y":-1.879345417022705,"z":-11.83203125},"rotation":{"x":0.05835528299212456,"y":0.9337198734283447,"z":-0.178904727101326,"w":0.3045637011528015},"size":34.59854507446289,"orthographic":true}